country,score
Jamaica,9.150458069428554
China,9.121745585622449
Argentina,9.07696651163423
Pakistan,8.947904136817094
Colombia,8.65631547093906
Venezuela,8.445525408491948
Singapore,8.420186496121161
Sweden,8.382874386587032
Japan,8.221259183303054
Canada,8.143595799761249
Switzerland,8.127694462147353
Nigeria,8.06393761016989
United States,8.024722498999292
Netherlands,8.012701689880824
Turkey,7.9996755403588
