country,score
Indonesia,9.906737481621171
Pakistan,8.368137525441373
Spain,7.982427545398869
Guam,7.702057394765577
United Kingdom,7.684740133886691
Greece,7.5752627733841855
Kenya,7.405123756339037
Ireland,7.380420222654868
Italy,7.221684061257626
India,7.139734337379645
Japan,6.802659688433136
United States,6.522817007303026
Guernsey,6.401124973794573
Canada,6.1936769146664705
Egypt,6.173917380728745
