country,score
Burkina Faso,9.942208379644526
Canada,9.85308119546763
Sri Lanka,9.750227644213387
United States,9.563279660638896
Jamaica,9.42964809695775
United Arab Emirates,9.22157931039624
Turkey,9.016120075249031
Malaysia,8.948298039716175
Russian Federation,8.694900900051548
Colombia,8.56394572775373
Nigeria,8.370593264330706
France,8.199876151654545
India,8.028376728149961
Germany,7.805884522440585
Philippines,7.790742016293657
