country,score
Dominican Republic,9.90860539786959
Antarctica,9.891496762052267
South Korea,9.526464107363822
Ecuador,9.023724178465216
Mexico,8.872505627891488
Australia,8.791246689121175
Venezuela,8.78593068536016
India,8.745551752160313
Maldives,8.679138092104738
Argentina,8.664556166932355
New Zealand,8.575339376412977
Taiwan,8.503943901180765
Colombia,8.489762804009253
Hong Kong,8.410796252026035
United States,8.380096609898017
